{"loss": [0.6909260153770447, 0.6802369356155396, 0.6610994935035706, 0.607121467590332, 0.5748178362846375, 0.5606433153152466, 0.5509709715843201, 0.5454227924346924, 0.5392583012580872, 0.5364673733711243, 0.5204585194587708, 0.5246015787124634, 0.5113739967346191, 0.5094814896583557, 0.502685546875, 0.4939183294773102, 0.48770684003829956, 0.48450183868408203, 0.4770428538322449, 0.47646111249923706, 0.4645404815673828, 0.46086475253105164, 0.4703541100025177, 0.4534780979156494, 0.4527255892753601, 0.4503398835659027, 0.44710755348205566, 0.43940019607543945, 0.4362312853336334, 0.43446460366249084, 0.4319564402103424, 0.4317436218261719, 0.4213294982910156, 0.43398725986480713, 0.4170219302177429, 0.40740910172462463, 0.40681424736976624, 0.40563276410102844, 0.4038378596305847, 0.3984462022781372, 0.4033743441104889, 0.38374727964401245, 0.3901119828224182, 0.3863140940666199, 0.3737959861755371, 0.3764534890651703, 0.36754682660102844, 0.3707819879055023, 0.35915449261665344, 0.3690031170845032, 0.3419894576072693, 0.3560255467891693, 0.3439760208129883, 0.33436208963394165, 0.3322380781173706, 0.33840227127075195, 0.3350565433502197, 0.3174159824848175, 0.31084495782852173, 0.31290826201438904], "mean_iou": [0.0018639430636540055, 0.0026919974479824305, 0.08476163446903229, 0.4376280605792999, 0.5559248328208923, 0.5892478227615356, 0.6057612895965576, 0.6038150787353516, 0.6085203289985657, 0.6127228140830994, 0.6217758059501648, 0.6133362054824829, 0.6258589029312134, 0.6283159255981445, 0.6322240233421326, 0.6391302943229675, 0.6410205364227295, 0.6424734592437744, 0.6528323888778687, 0.6461296677589417, 0.657514750957489, 0.6634314656257629, 0.64206463098526, 0.6628618240356445, 0.6593176126480103, 0.6607774496078491, 0.662822961807251, 0.6745461821556091, 0.6736603379249573, 0.6660199165344238, 0.6743586659431458, 0.6722176671028137, 0.6839458346366882, 0.668826162815094, 0.6784387826919556, 0.6937295794487, 0.6897077560424805, 0.6867485642433167, 0.6901043057441711, 0.6965946555137634, 0.6927446722984314, 0.7122211456298828, 0.699026882648468, 0.7022587656974792, 0.7142364978790283, 0.7083615660667419, 0.7216537594795227, 0.7163811326026917, 0.724949836730957, 0.7179855108261108, 0.7416406869888306, 0.7287063598632812, 0.7341181039810181, 0.749824583530426, 0.7459018230438232, 0.7417043447494507, 0.7425606846809387, 0.7590497732162476, 0.7618497014045715, 0.7611859440803528], "val_loss": [0.686519205570221, 0.6785421371459961, 0.6393318176269531, 0.6396602392196655, 0.5620869994163513, 0.5505176186561584, 0.5933735370635986, 0.5262992978096008, 0.5337143540382385, 0.5252851843833923, 0.529427707195282, 0.5298951864242554, 0.540736198425293, 0.5390071868896484, 0.49549633264541626, 0.5012745261192322, 0.528988242149353, 0.504702627658844, 0.480563759803772, 0.4727046489715576, 0.5685564279556274, 0.5265951156616211, 0.4805724024772644, 0.4485379457473755, 0.48861753940582275, 0.47191086411476135, 0.4396711587905884, 0.4675391614437103, 0.4673924148082733, 0.4328019917011261, 0.4634440839290619, 0.4526970386505127, 0.43928825855255127, 0.4267899990081787, 0.4279101490974426, 0.42121684551239014, 0.443545401096344, 0.4085652828216553, 0.4567752778530121, 0.43544700741767883, 0.4104573726654053, 0.4154459238052368, 0.38035351037979126, 0.38101279735565186, 0.44000929594039917, 0.3926282525062561, 0.37358659505844116, 0.36187347769737244, 0.46743088960647583, 0.4179636836051941, 0.4481101632118225, 0.34933897852897644, 0.35841602087020874, 0.3405625522136688, 0.3303799033164978, 0.3233729898929596, 0.33451277017593384, 0.33865857124328613, 0.3168881833553314, 0.3702322840690613], "val_mean_iou": [4.348678430687869e-06, 0.007524106185883284, 0.27460619807243347, 0.3232409954071045, 0.6049666404724121, 0.597091794013977, 0.5984691381454468, 0.6447523832321167, 0.5900467038154602, 0.5792496800422668, 0.6458730101585388, 0.5947809815406799, 0.6324112415313721, 0.6360342502593994, 0.653559684753418, 0.6661736369132996, 0.6386538743972778, 0.578839898109436, 0.664430558681488, 0.6185819506645203, 0.4977186620235443, 0.5597646832466125, 0.6697332859039307, 0.6616681218147278, 0.603556752204895, 0.6773946285247803, 0.6902089715003967, 0.6792227029800415, 0.6049826741218567, 0.6814793348312378, 0.6156613230705261, 0.6312501430511475, 0.648457407951355, 0.664492130279541, 0.6527511477470398, 0.6687743067741394, 0.6389486193656921, 0.6898440718650818, 0.6823985576629639, 0.691070020198822, 0.7095404267311096, 0.7086262702941895, 0.7146496772766113, 0.7017595767974854, 0.6300199627876282, 0.7151213884353638, 0.7314729690551758, 0.7318626642227173, 0.6247332692146301, 0.7098057270050049, 0.6961224675178528, 0.7184776067733765, 0.7363986968994141, 0.7560182213783264, 0.7597911953926086, 0.7603824138641357, 0.732063353061676, 0.7341504096984863, 0.7627809047698975, 0.6945635676383972]}