{"loss": [0.6150887608528137, 0.5475332736968994, 0.46170929074287415, 0.44396793842315674, 0.43492019176483154, 0.42071616649627686, 0.4085276424884796, 0.40428784489631653, 0.3987610936164856, 0.39207005500793457, 0.3788076937198639, 0.3771570324897766, 0.3737674057483673, 0.36549991369247437, 0.36274251341819763, 0.34893715381622314, 0.34929898381233215, 0.3402106761932373, 0.33551278710365295, 0.33221039175987244, 0.319261372089386, 0.3221205174922943, 0.3153630793094635, 0.31354883313179016, 0.30679598450660706, 0.30194711685180664, 0.3020598292350769, 0.2938256561756134, 0.2937535047531128, 0.2827761173248291, 0.2835972309112549, 0.2868327796459198, 0.27947375178337097, 0.27430468797683716, 0.2697460353374481, 0.2644898295402527, 0.2675592303276062, 0.2570231556892395, 0.260041743516922, 0.2521710693836212, 0.24779433012008667, 0.24556821584701538, 0.24468162655830383, 0.2406770884990692, 0.2438163012266159, 0.2353876829147339, 0.2314733862876892, 0.22880405187606812, 0.23331637680530548, 0.22468599677085876, 0.22247356176376343, 0.21830351650714874, 0.22072537243366241, 0.21384426951408386, 0.21350881457328796, 0.2105524092912674, 0.19853787124156952, 0.20612403750419617, 0.20003163814544678, 0.19798530638217926], "mean_iou": [0.0024667230900377035, 0.033200137317180634, 0.44371554255485535, 0.5530000925064087, 0.5664830207824707, 0.5814017653465271, 0.5868040323257446, 0.6015796661376953, 0.6051668524742126, 0.608900249004364, 0.6205224394798279, 0.6177575588226318, 0.621331512928009, 0.6329240798950195, 0.6306560635566711, 0.6367731094360352, 0.650439441204071, 0.6537166237831116, 0.6572670936584473, 0.6654850840568542, 0.6731274724006653, 0.6795193552970886, 0.6863483786582947, 0.6798380613327026, 0.6920477151870728, 0.6938069462776184, 0.6917243599891663, 0.7032944560050964, 0.6999037265777588, 0.7111113667488098, 0.7037649154663086, 0.7066112756729126, 0.7134841680526733, 0.7197403907775879, 0.7230870127677917, 0.7308558225631714, 0.726503849029541, 0.7382633090019226, 0.7288367748260498, 0.7411835789680481, 0.7439119815826416, 0.7421059608459473, 0.7447651028633118, 0.7493422031402588, 0.7520862817764282, 0.7527545690536499, 0.7614117860794067, 0.7582533955574036, 0.7572795748710632, 0.7696375846862793, 0.7670781016349792, 0.7702658772468567, 0.7693241834640503, 0.7759667634963989, 0.7754113674163818, 0.7753196358680725, 0.7922543883323669, 0.7809910774230957, 0.7873677611351013, 0.790268063545227], "accuracy": [0.6744024753570557, 0.6786050200462341, 0.7669945955276489, 0.8004355430603027, 0.8112343549728394, 0.8214523196220398, 0.8291738033294678, 0.8306429982185364, 0.8340556621551514, 0.8378886580467224, 0.8438940048217773, 0.8441410064697266, 0.8452410101890564, 0.8518388271331787, 0.8511750102043152, 0.8581063747406006, 0.8589628338813782, 0.862859845161438, 0.8669795989990234, 0.8684303164482117, 0.8741855621337891, 0.8729033470153809, 0.8768024444580078, 0.875887393951416, 0.878969669342041, 0.8820653557777405, 0.8819878697395325, 0.8847143054008484, 0.8849995136260986, 0.8896746039390564, 0.8884763121604919, 0.886920690536499, 0.8903469443321228, 0.8930678963661194, 0.8947312235832214, 0.8982324600219727, 0.8964343667030334, 0.9011678695678711, 0.8996749520301819, 0.9029735922813416, 0.9043059945106506, 0.9059671759605408, 0.9052692651748657, 0.9073523283004761, 0.9062532782554626, 0.9095582365989685, 0.9108139872550964, 0.9110025763511658, 0.9094959497451782, 0.9141036868095398, 0.9147960543632507, 0.9156055450439453, 0.9141097664833069, 0.9181123971939087, 0.9174036383628845, 0.9179772138595581, 0.9239539504051208, 0.920168399810791, 0.9218990206718445, 0.9236027002334595], "val_loss": [0.5895267724990845, 0.46968093514442444, 0.47128957509994507, 0.4612162709236145, 0.4185187816619873, 0.41534578800201416, 0.37518739700317383, 0.4039977192878723, 0.3655453324317932, 0.44763290882110596, 0.329885870218277, 0.37720662355422974, 0.3596874475479126, 0.4382667541503906, 0.32643020153045654, 0.3492642641067505, 0.3425310254096985, 0.332889586687088, 0.3100396692752838, 0.31286466121673584, 0.3636634945869446, 0.28752827644348145, 0.32588353753089905, 0.37638068199157715, 0.2789500653743744, 0.2756045460700989, 0.2985498905181885, 0.328634113073349, 0.31504279375076294, 0.2802213430404663, 0.2682870626449585, 0.3689531981945038, 0.2538691759109497, 0.24221636354923248, 0.2937430143356323, 0.24473625421524048, 0.2582741975784302, 0.28740161657333374, 0.2391892373561859, 0.24698993563652039, 0.2104433923959732, 0.2508695721626282, 0.2989749610424042, 0.27363672852516174, 0.2486533224582672, 0.20125475525856018, 0.2603217661380768, 0.26120245456695557, 0.26626354455947876, 0.23177656531333923, 0.21429120004177094, 0.21411839127540588, 0.2243976593017578, 0.30028754472732544, 0.2307939976453781, 0.23235470056533813, 0.21671399474143982, 0.19430261850357056, 0.25167375802993774, 0.1838155835866928], "val_mean_iou": [0.0, 0.15770235657691956, 0.5893783569335938, 0.48337405920028687, 0.6219573020935059, 0.536891758441925, 0.6294487118721008, 0.6574416160583496, 0.6476553678512573, 0.5562822222709656, 0.6684975028038025, 0.6163738369941711, 0.6549535989761353, 0.6052783727645874, 0.6789796352386475, 0.664848268032074, 0.6977705955505371, 0.6752679944038391, 0.6975553631782532, 0.6550418138504028, 0.6284492611885071, 0.730115532875061, 0.673258364200592, 0.6470080018043518, 0.736300528049469, 0.7221423983573914, 0.7113456130027771, 0.6659436821937561, 0.6202701330184937, 0.6916650533676147, 0.7163988947868347, 0.5603815317153931, 0.7630385160446167, 0.7806872725486755, 0.7202221155166626, 0.7652133703231812, 0.7507607340812683, 0.6827936172485352, 0.7616459131240845, 0.7506905198097229, 0.7909725308418274, 0.7606009840965271, 0.755862832069397, 0.735550045967102, 0.7392063140869141, 0.7802562713623047, 0.7452260851860046, 0.7322410345077515, 0.7299491167068481, 0.7771954536437988, 0.7931137681007385, 0.7776418328285217, 0.7667022347450256, 0.7098256945610046, 0.7686699628829956, 0.766780436038971, 0.7940543293952942, 0.8007827997207642, 0.7508915662765503, 0.8105047345161438], "val_accuracy": [0.6762429475784302, 0.6959918737411499, 0.784217119216919, 0.7819181680679321, 0.8266417980194092, 0.8280453681945801, 0.8557103276252747, 0.8468518853187561, 0.8615323901176453, 0.7716457843780518, 0.8781020641326904, 0.8473498225212097, 0.8663331866264343, 0.7934743165969849, 0.8786301016807556, 0.8559918999671936, 0.8773927092552185, 0.8779317736625671, 0.8822178840637207, 0.8733959197998047, 0.8354976177215576, 0.8949360251426697, 0.8748838901519775, 0.8305331468582153, 0.8961049318313599, 0.8998613357543945, 0.8863998651504517, 0.8704904317855835, 0.869008481502533, 0.8920838236808777, 0.8922777771949768, 0.8492255210876465, 0.9089916944503784, 0.9111424684524536, 0.8828240633010864, 0.9123097658157349, 0.9047574400901794, 0.883066713809967, 0.910248875617981, 0.9011133313179016, 0.9238543510437012, 0.9068561792373657, 0.8927466869354248, 0.8849548697471619, 0.9021223783493042, 0.9238353967666626, 0.90301913022995, 0.8950011134147644, 0.898411214351654, 0.9119709730148315, 0.9196266531944275, 0.9179011583328247, 0.9142895936965942, 0.8813484907150269, 0.9188086986541748, 0.909502387046814, 0.9179527759552002, 0.9277974367141724, 0.9081968665122986, 0.9319730997085571]}