{"loss": [0.6475949883460999, 0.6095179915428162, 0.5312061905860901, 0.5079209208488464, 0.4946037828922272, 0.4892010986804962, 0.47431817650794983, 0.47581276297569275, 0.46819207072257996, 0.4557788074016571, 0.4510411322116852, 0.4472459554672241, 0.44153523445129395, 0.42871201038360596, 0.43409860134124756, 0.4312115013599396, 0.4238128662109375, 0.4181350767612457, 0.4194059669971466, 0.41187357902526855, 0.40902945399284363, 0.40402939915657043, 0.39967581629753113, 0.40115585923194885, 0.399219274520874, 0.39810478687286377, 0.38605669140815735, 0.39106547832489014, 0.38760456442832947, 0.38178133964538574, 0.3739064037799835, 0.37404415011405945, 0.3764148950576782, 0.3647350072860718, 0.3716897964477539, 0.36330029368400574, 0.3500100374221802, 0.35919177532196045, 0.34798988699913025, 0.3420097529888153, 0.343095064163208, 0.3342069089412689, 0.3310510814189911, 0.3246768116950989, 0.3197147846221924, 0.3138482868671417, 0.31781938672065735, 0.31059756875038147, 0.30664506554603577, 0.3079657256603241, 0.2969399392604828, 0.29092344641685486, 0.29396936297416687, 0.2848060429096222, 0.2883179485797882, 0.29024481773376465, 0.28156331181526184, 0.27928516268730164, 0.2710750102996826, 0.27528834342956543], "mean_iou": [0.005791528150439262, 0.011556420475244522, 0.32889530062675476, 0.539811909198761, 0.5659970045089722, 0.5677422285079956, 0.5703306198120117, 0.5898059010505676, 0.5927531123161316, 0.6043877005577087, 0.6069275736808777, 0.6082848906517029, 0.6178194880485535, 0.6228153109550476, 0.6162771582603455, 0.617961049079895, 0.625143826007843, 0.6344366669654846, 0.627621591091156, 0.6394497156143188, 0.6357875466346741, 0.6391773223876953, 0.6448966860771179, 0.6436590552330017, 0.6464865803718567, 0.6406404376029968, 0.6524926424026489, 0.653048574924469, 0.6491556763648987, 0.6568644642829895, 0.6691606640815735, 0.6630090475082397, 0.6581582427024841, 0.6736993789672852, 0.6704508662223816, 0.6745209693908691, 0.6912530064582825, 0.68178790807724, 0.6914188861846924, 0.7049336433410645, 0.7007774710655212, 0.7076418995857239, 0.7100237011909485, 0.7143070101737976, 0.7189164757728577, 0.7307567000389099, 0.7235537171363831, 0.7330334782600403, 0.7339903712272644, 0.7326334118843079, 0.7472333312034607, 0.7470325827598572, 0.7462701201438904, 0.7559020519256592, 0.7537683844566345, 0.7507755160331726, 0.7582482695579529, 0.7554492950439453, 0.7637344002723694, 0.7616851925849915], "val_loss": [0.6273345351219177, 0.5606602430343628, 0.4902779757976532, 0.4925771951675415, 0.4730290472507477, 0.5172674655914307, 0.4552803337574005, 0.4578934609889984, 0.5231693387031555, 0.43975624442100525, 0.434499591588974, 0.4402855634689331, 0.41851726174354553, 0.4330897033214569, 0.4139566719532013, 0.41306719183921814, 0.41202208399772644, 0.43707549571990967, 0.4306013286113739, 0.45277050137519836, 0.4070400297641754, 0.3973187506198883, 0.4173208773136139, 0.40841808915138245, 0.4103473722934723, 0.3843233585357666, 0.38715729117393494, 0.37546873092651367, 0.37681838870048523, 0.3821319043636322, 0.37038663029670715, 0.39803335070610046, 0.43213486671447754, 0.4024968445301056, 0.4081817865371704, 0.3409775197505951, 0.3881503641605377, 0.3683822453022003, 0.3409757614135742, 0.3400140702724457, 0.3277263939380646, 0.3355114459991455, 0.35774683952331543, 0.3219153881072998, 0.3157578706741333, 0.31287410855293274, 0.3001108169555664, 0.33426833152770996, 0.3041442930698395, 0.29374316334724426, 0.3087522089481354, 0.3668099343776703, 0.333442360162735, 0.3441738188266754, 0.33447933197021484, 0.28499993681907654, 0.29932060837745667, 0.26786813139915466, 0.31506863236427307, 0.2646496891975403], "val_mean_iou": [0.0025723662693053484, 0.06930146366357803, 0.4887566864490509, 0.5205069184303284, 0.582920253276825, 0.4521329700946808, 0.5382612347602844, 0.5933312177658081, 0.5621722340583801, 0.6019294857978821, 0.6234896779060364, 0.5464667081832886, 0.6003224849700928, 0.6033231616020203, 0.6376224160194397, 0.6220384836196899, 0.6517778635025024, 0.5759724974632263, 0.5676935911178589, 0.6178600192070007, 0.5920475125312805, 0.6243262887001038, 0.6518431305885315, 0.6528574228286743, 0.5891144275665283, 0.6478795409202576, 0.6680591702461243, 0.660778284072876, 0.6862360835075378, 0.674961268901825, 0.662124752998352, 0.6774476170539856, 0.6368368268013, 0.6622579097747803, 0.645609438419342, 0.691368579864502, 0.6721680760383606, 0.6515284180641174, 0.6925375461578369, 0.6889765858650208, 0.6971206068992615, 0.7132055759429932, 0.6560432314872742, 0.7128700613975525, 0.7196478247642517, 0.7012891173362732, 0.7239401340484619, 0.71417635679245, 0.7286739349365234, 0.7275287508964539, 0.7107756733894348, 0.6923059821128845, 0.6681625843048096, 0.6649208068847656, 0.6877561211585999, 0.7299346923828125, 0.726050853729248, 0.756260335445404, 0.7010807394981384, 0.7553070187568665]}