{"loss": [0.19695810973644257, 0.1807960867881775, 0.1746470183134079, 0.1678449958562851, 0.163993239402771, 0.16316662728786469, 0.15941964089870453, 0.1525377482175827, 0.15575940907001495, 0.1511078178882599, 0.15054279565811157, 0.1455371379852295, 0.14183659851551056, 0.14175772666931152, 0.13666725158691406, 0.13630224764347076, 0.13306301832199097, 0.1301891952753067, 0.12666350603103638, 0.12615351378917694, 0.12412609159946442, 0.12391111254692078, 0.12075234949588776, 0.11989292502403259, 0.1159423291683197, 0.11636140197515488, 0.11446069180965424, 0.11019150167703629, 0.1108829602599144, 0.11014709621667862, 0.10801425576210022, 0.10932917147874832, 0.10433059930801392, 0.10365830361843109, 0.10613594204187393, 0.10114900022745132, 0.10127019882202148, 0.09816765785217285, 0.09966619312763214, 0.10054273158311844, 0.09794194996356964, 0.09821770340204239, 0.09382002055644989, 0.09628350287675858, 0.09436484426259995, 0.09293550997972488, 0.09134428203105927, 0.09237886965274811, 0.08955729752779007, 0.09486450999975204, 0.08982661366462708, 0.0879739299416542, 0.09032534807920456, 0.08730455487966537, 0.08622197061777115, 0.08507983386516571, 0.08778470009565353, 0.08501774072647095, 0.0830698311328888, 0.08301110565662384], "mean_iou": [0.6917687654495239, 0.7094159722328186, 0.7167450785636902, 0.7255893349647522, 0.7317086458206177, 0.7325987219810486, 0.7378674745559692, 0.7494831085205078, 0.744852602481842, 0.7507819533348083, 0.7523269057273865, 0.760230541229248, 0.7651441693305969, 0.7666746377944946, 0.7734516263008118, 0.7748451828956604, 0.7788629531860352, 0.783015251159668, 0.7881926894187927, 0.7907780408859253, 0.7931668162345886, 0.7940914034843445, 0.7993278503417969, 0.7998430132865906, 0.8057279586791992, 0.8044434189796448, 0.8086700439453125, 0.8136170506477356, 0.8138450384140015, 0.8144861459732056, 0.8178402781486511, 0.8155417442321777, 0.8221122026443481, 0.824039876461029, 0.8203293085098267, 0.8271283507347107, 0.8285892009735107, 0.8319931030273438, 0.8299904465675354, 0.8278211355209351, 0.8322616815567017, 0.8316577672958374, 0.8383533954620361, 0.835115373134613, 0.8377953767776489, 0.8396819233894348, 0.8412247896194458, 0.8397989273071289, 0.8434683084487915, 0.8366154432296753, 0.8439067006111145, 0.8477270603179932, 0.8434094190597534, 0.847637951374054, 0.8490118980407715, 0.8502895832061768, 0.8474501371383667, 0.8512980937957764, 0.853725790977478, 0.8548365831375122], "val_loss": [0.9957082867622375, 0.19414402544498444, 0.450644314289093, 0.9017448425292969, 0.23180150985717773, 0.2041630893945694, 0.18244892358779907, 0.21344061195850372, 0.14601761102676392, 0.1908947080373764, 0.17975406348705292, 0.14033332467079163, 0.13697190582752228, 0.13867472112178802, 0.14073918759822845, 0.536895751953125, 0.13103021681308746, 0.14981798827648163, 0.12381549179553986, 0.12171129137277603, 0.141889289021492, 0.11651412397623062, 0.1333540678024292, 0.12879136204719543, 0.18148492276668549, 0.11178160458803177, 0.11343538761138916, 0.12545104324817657, 0.11716572940349579, 0.13269047439098358, 0.10358144342899323, 0.11502718180418015, 0.11258930712938309, 0.11476105451583862, 0.10097061097621918, 0.0992378294467926, 0.18270538747310638, 0.12272410094738007, 0.11085152626037598, 0.09977828711271286, 0.09919276088476181, 0.10566651076078415, 0.09853643923997879, 0.09797600656747818, 0.0974651426076889, 0.10751628875732422, 0.09565288573503494, 0.09374044835567474, 0.10475356131792068, 0.12915422022342682, 0.09546606242656708, 0.11497897654771805, 0.10282773524522781, 0.1051110178232193, 0.0946793481707573, 0.09164871275424957, 0.09393995255231857, 0.09486223757266998, 0.09510457515716553, 0.09590522199869156], "val_mean_iou": [0.002039253246039152, 0.7095245122909546, 0.46271535754203796, 0.0740412175655365, 0.6373679041862488, 0.7069547772407532, 0.700501561164856, 0.7002162337303162, 0.7623538374900818, 0.7075719237327576, 0.7045872807502747, 0.7679664492607117, 0.7710403800010681, 0.7730398178100586, 0.7626500725746155, 0.39858517050743103, 0.7791745662689209, 0.7755776047706604, 0.7978231906890869, 0.8041524887084961, 0.7616423964500427, 0.8031232357025146, 0.7948355078697205, 0.8011796474456787, 0.7064273357391357, 0.8129845857620239, 0.8089281320571899, 0.7861167192459106, 0.8037433624267578, 0.7824230194091797, 0.8283421993255615, 0.8037732839584351, 0.8221539258956909, 0.8046518564224243, 0.8328802585601807, 0.8334562182426453, 0.7407735586166382, 0.7947770357131958, 0.8209388852119446, 0.8365387916564941, 0.832428514957428, 0.8275591731071472, 0.8386833667755127, 0.838636040687561, 0.8346869349479675, 0.8257153034210205, 0.8361479043960571, 0.8398001194000244, 0.8247400522232056, 0.7820984721183777, 0.8421146273612976, 0.8226808905601501, 0.8291233777999878, 0.8273676037788391, 0.8404874205589294, 0.8435234427452087, 0.844439685344696, 0.8413892388343811, 0.8400574922561646, 0.8404189944267273]}