{"loss": [0.9855797290802002, 0.3759790062904358, 0.3481488823890686, 0.32598868012428284, 0.3119143843650818, 0.2955520451068878, 0.28411543369293213, 0.27605003118515015, 0.268627405166626, 0.26368966698646545, 0.25918126106262207, 0.25273603200912476, 0.24710679054260254, 0.2417236715555191, 0.23861932754516602, 0.23620808124542236, 0.23148483037948608, 0.22897742688655853, 0.22783973813056946, 0.2227807492017746, 0.2210189402103424, 0.22080771625041962, 0.21421733498573303, 0.21429802477359772, 0.21132059395313263, 0.20692448318004608, 0.20514097809791565, 0.2051776498556137, 0.20141883194446564, 0.19834817945957184, 0.19779622554779053, 0.19344280660152435, 0.19308388233184814, 0.1906059831380844, 0.18897303938865662, 0.18847200274467468, 0.1846662163734436, 0.1828790009021759, 0.1808251440525055, 0.18057766556739807, 0.17878860235214233, 0.1773412674665451, 0.17559151351451874, 0.17354974150657654, 0.17072150111198425, 0.17089882493019104, 0.16966462135314941, 0.16637416183948517, 0.16585035622119904, 0.16577936708927155, 0.16401799023151398, 0.16009105741977692, 0.15847724676132202, 0.15709097683429718, 0.15449774265289307, 0.15156692266464233, 0.14984048902988434, 0.1500275582075119, 0.14721430838108063, 0.14311973750591278], "mean_iou": [0.49918028712272644, 0.5960123538970947, 0.6234458684921265, 0.6477150321006775, 0.6624693870544434, 0.6715202331542969, 0.6801610589027405, 0.6892902255058289, 0.6983970999717712, 0.7037944197654724, 0.7098537683486938, 0.7165380120277405, 0.7235912680625916, 0.7276824712753296, 0.7321382164955139, 0.7371232509613037, 0.7403432726860046, 0.7421881556510925, 0.7453553676605225, 0.7491865754127502, 0.7517774105072021, 0.7523555159568787, 0.7593609094619751, 0.7581230401992798, 0.7640129923820496, 0.7662506103515625, 0.7700853943824768, 0.7692399621009827, 0.773115336894989, 0.7735852003097534, 0.7776801586151123, 0.7819303870201111, 0.7811197638511658, 0.7825761437416077, 0.7854563593864441, 0.7867334485054016, 0.7902823686599731, 0.7927285432815552, 0.7935592532157898, 0.7947800755500793, 0.7975963950157166, 0.7983124256134033, 0.799302875995636, 0.8027246594429016, 0.8022524118423462, 0.8034650087356567, 0.8058280348777771, 0.8077484965324402, 0.8087480068206787, 0.8089652061462402, 0.8102352023124695, 0.8117613196372986, 0.8155542016029358, 0.8175796270370483, 0.818779468536377, 0.8225846290588379, 0.8239107728004456, 0.8240513205528259, 0.8264644742012024, 0.8302235007286072], "val_loss": [1.1683834791183472, 1.8385714292526245, 0.5024845004081726, 0.32443830370903015, 0.6025614142417908, 0.37283873558044434, 0.3688642978668213, 1.0937910079956055, 0.32823267579078674, 0.2831004858016968, 0.3087630271911621, 0.3219618499279022, 0.3495737314224243, 0.6202608942985535, 0.32001355290412903, 0.2731807231903076, 0.3742731809616089, 0.273186057806015, 0.3411215543746948, 0.2597929537296295, 0.3222663104534149, 0.2767799496650696, 0.25752729177474976, 0.510671079158783, 0.35317549109458923, 0.30136966705322266, 0.24439869821071625, 0.380312442779541, 0.29281482100486755, 0.3598148822784424, 0.2941077947616577, 0.22704598307609558, 0.41631433367729187, 0.6310545206069946, 0.3496721684932709, 0.2933332622051239, 0.5753082633018494, 0.2544180154800415, 0.2464640736579895, 0.24573758244514465, 0.3477667272090912, 0.29686489701271057, 0.4677030146121979, 0.2031114548444748, 0.3007148802280426, 0.41804301738739014, 0.8470606803894043, 0.21928715705871582, 0.26035207509994507, 0.2152106761932373, 0.3910581171512604, 0.24989557266235352, 0.2319716364145279, 0.24862881004810333, 0.20927631855010986, 0.2185811996459961, 0.20542295277118683, 0.23169568181037903, 0.2384040653705597, 0.18730534613132477], "val_mean_iou": [0.1481138914823532, 0.03580401465296745, 0.40205690264701843, 0.6474786996841431, 0.10065802186727524, 0.5460593104362488, 0.687005877494812, 0.2507283091545105, 0.6807249188423157, 0.6951123476028442, 0.7096738219261169, 0.5956814885139465, 0.5317021012306213, 0.3991946280002594, 0.7012260556221008, 0.6865823268890381, 0.5276451706886292, 0.684340238571167, 0.55202317237854, 0.7334486842155457, 0.7075661420822144, 0.6938163042068481, 0.7108479738235474, 0.38647499680519104, 0.6602126359939575, 0.6949660778045654, 0.7482224106788635, 0.4143596291542053, 0.678502082824707, 0.5727099180221558, 0.6646242141723633, 0.751093327999115, 0.4979558289051056, 0.29250431060791016, 0.628772497177124, 0.6463322639465332, 0.4382954239845276, 0.7271560430526733, 0.7308478355407715, 0.7176842093467712, 0.7160912752151489, 0.6680827140808105, 0.4800100326538086, 0.7771893739700317, 0.6699939370155334, 0.3974993824958801, 0.4455793797969818, 0.7671958208084106, 0.7159063220024109, 0.7855566143989563, 0.5766201615333557, 0.7355399131774902, 0.7556638121604919, 0.7335822582244873, 0.770167350769043, 0.7666142582893372, 0.7728573679924011, 0.7497353553771973, 0.7724398970603943, 0.7954909801483154]}