{"loss": [0.688787043094635, 0.6826469302177429, 0.6766373515129089, 0.669903039932251, 0.6469547152519226, 0.5864033102989197, 0.5656466484069824, 0.5637652277946472, 0.5545242428779602, 0.5481624603271484, 0.5472521781921387, 0.5302239656448364, 0.5281743407249451, 0.5174466967582703, 0.5167385935783386, 0.5130348205566406, 0.5062223076820374, 0.4994865655899048, 0.4849527180194855, 0.4752562642097473, 0.4736518859863281, 0.48970693349838257, 0.4457623362541199, 0.4402199387550354, 0.4520949721336365, 0.42658957839012146, 0.42091745138168335, 0.4150318503379822, 0.4106518626213074, 0.4131510257720947, 0.41230839490890503, 0.401711106300354, 0.41802978515625, 0.39917510747909546, 0.4019755721092224, 0.3921237587928772, 0.38814619183540344, 0.39651769399642944, 0.39095717668533325, 0.379451185464859, 0.3920203149318695, 0.37838292121887207, 0.3634359836578369, 0.3778609335422516, 0.3651471734046936, 0.36352673172950745, 0.3731658458709717, 0.3610175549983978, 0.356682687997818, 0.3501567840576172, 0.3475227653980255, 0.3606952726840973, 0.3429410457611084, 0.35068225860595703, 0.3317609429359436, 0.36612188816070557, 0.3261461555957794, 0.32537761330604553, 0.3449137806892395, 0.31784558296203613], "mean_iou": [0.7181978225708008, 0.7550937533378601, 0.7608535885810852, 0.758624255657196, 0.756742000579834, 0.7650935053825378, 0.7599616646766663, 0.7567907571792603, 0.760487973690033, 0.7592060565948486, 0.753136157989502, 0.7648104429244995, 0.7618756294250488, 0.765350341796875, 0.7621839642524719, 0.7604256272315979, 0.7592706084251404, 0.7635220885276794, 0.765418529510498, 0.7647926211357117, 0.7627717852592468, 0.7124943733215332, 0.7704551815986633, 0.7697478532791138, 0.7620850801467896, 0.7902922630310059, 0.7958759665489197, 0.7978257536888123, 0.7996033430099487, 0.7979757189750671, 0.7945494651794434, 0.8025157451629639, 0.7904000878334045, 0.8021419644355774, 0.7971895337104797, 0.8041312098503113, 0.8070671558380127, 0.8008018732070923, 0.8027085661888123, 0.8113550543785095, 0.8013867139816284, 0.8087518811225891, 0.8177767395973206, 0.8095321655273438, 0.8125072717666626, 0.8150507807731628, 0.8080410957336426, 0.8170225620269775, 0.820853054523468, 0.8233421444892883, 0.8237417340278625, 0.8194313645362854, 0.8273348212242126, 0.8210670351982117, 0.8347585797309875, 0.8266660571098328, 0.8359044194221497, 0.838629424571991, 0.8255193829536438, 0.8426147103309631], "val_loss": [0.6855512857437134, 0.6795421838760376, 0.6748812794685364, 0.6642749309539795, 0.6215795874595642, 0.5653860569000244, 0.5598134994506836, 0.5548138618469238, 0.5624472498893738, 0.5552325248718262, 0.5485386252403259, 0.5347180366516113, 0.5417929887771606, 0.5411827564239502, 0.5274221301078796, 0.5170354843139648, 0.49573850631713867, 0.5054459571838379, 0.48221731185913086, 0.47282934188842773, 0.478684663772583, 0.49575790762901306, 0.4297540783882141, 0.43214794993400574, 0.4324541985988617, 0.4102098345756531, 0.41984665393829346, 0.4009692668914795, 0.4070105254650116, 0.4284098446369171, 0.504591703414917, 0.5967894196510315, 0.39485204219818115, 0.39003443717956543, 0.42514994740486145, 0.38345396518707275, 0.38985252380371094, 0.3927556872367859, 0.41910117864608765, 0.3484765291213989, 0.3592459261417389, 0.3607938587665558, 0.4243296980857849, 0.3864619731903076, 0.3772001266479492, 0.35303252935409546, 0.32892999053001404, 0.3992142677307129, 0.5078765153884888, 0.3211841583251953, 0.3297896981239319, 0.3461975157260895, 0.32558897137641907, 0.35663890838623047, 0.34499335289001465, 0.36549022793769836, 0.3261934816837311, 0.36796116828918457, 0.35623252391815186, 0.33607232570648193], "val_mean_iou": [0.7455636858940125, 0.7573705911636353, 0.7440377473831177, 0.7503260374069214, 0.7547889947891235, 0.7606516480445862, 0.7614400386810303, 0.7613792419433594, 0.751986026763916, 0.7485764622688293, 0.7486517429351807, 0.7589794397354126, 0.7460883259773254, 0.7431390881538391, 0.7511439919471741, 0.7580562829971313, 0.7669943571090698, 0.7484970092773438, 0.7550482153892517, 0.7578599452972412, 0.7547264099121094, 0.7446041107177734, 0.7691072821617126, 0.7697058320045471, 0.7996354699134827, 0.7940733432769775, 0.7871184349060059, 0.7983552813529968, 0.7968637943267822, 0.7887253761291504, 0.7841095328330994, 0.6281871795654297, 0.8055912852287292, 0.7968363761901855, 0.7875727415084839, 0.8077272176742554, 0.7984426021575928, 0.7912064790725708, 0.7956123352050781, 0.8236348628997803, 0.8151146173477173, 0.8215970993041992, 0.8022253513336182, 0.8086196780204773, 0.795518696308136, 0.817028284072876, 0.8314380049705505, 0.7763977646827698, 0.7774499654769897, 0.8360557556152344, 0.8310247659683228, 0.8174563050270081, 0.8350167274475098, 0.8237378597259521, 0.8165383338928223, 0.8176926374435425, 0.8355817198753357, 0.8152913451194763, 0.8274663090705872, 0.8232675790786743]}